"map_code","map","columns_xl","columns_r","total","n_instructions","difference","n_counties","max_count"
"Map1","Map1_Clovis_Untyped_Fluted","EG, EJ","CLOVIS_FORMS, OTHER_FLUTED_UNTYPED",16305,16317,-12,2026,403
"Map1a","Map1a_Clovis_Forms","EJ","CLOVIS_FORMS",8823,8817,6,1463,261
"Map1b","Map1b_Other_Fluted_Untyped","EG","OTHER_FLUTED_UNTYPED",7482,7500,-18,903,403
"Map2","Map2_Non_Clovis_Fluted","N, O, P, Q, R, S, T, U, V, W, X, Y, Z, AA, AB, AC, AD","WAISTED_FLUTED, FISHTAIL, FOLSOM, MIDLAND, REDSTONE, CUMBERLAND, GAINEY, WHEELER, PELICAN, WEST_ATHENS_HILL, BULL_BROOK, Vail_DEBERT, BARNES, NORTHUMBERLAND, MICHAUD_NEPONSET, CROWFIELD, HOLCOMB_NICOLAS",9020,9008,12,1176,354
"Map2a","Map2a_Folsom_Midland","P, Q","FOLSOM, MIDLAND",5377,5377,0,588,354
"Map2a1","Map2a1_Folsom","P","FOLSOM",4661,4661,0,571,354
"Map2a2","Map2a2_Midland","Q","MIDLAND",716,716,0,127,106
"Map2b","Map2b_Redstone","R","REDSTONE",440,440,0,189,20
"Map2c","Map2c_Cumberland","S","CUMBERLAND",993,916,77,179,132
"Map2d","Map2d_Gainey","T","GAINEY",471,466,5,162,65
"Map2Minor","Map2Minor_Other_Minor_Fluted","N, O, U, V, W, X, Y, Z, AA, AB, AC, AD","WAISTED_FLUTED, FISHTAIL, WHEELER, PELICAN, WEST_ATHENS_HILL, BULL_BROOK, Vail_DEBERT, BARNES, NORTHUMBERLAND, MICHAUD_NEPONSET, CROWFIELD, HOLCOMB_NICOLAS",1739,1732,7,320,192
"Map2e","Map2e_Michaud_Neponset","AB","MICHAUD_NEPONSET",421,421,0,88,90
"Map2f","Map2f_Holcombe_Nicholas","AD","HOLCOMB_NICOLAS",368,368,0,73,192
"Map2g","Map2g_Minor_Non_Clovis_Fluted","N, O, U, V, W, X, Y, Z, AA, AC","BARNES, CROWFIELD, PELICAN, Vail_DEBERT, WEST_ATHENS_HILL, BULL_BROOK, WHEELER, NORTHUMBERLAND, WAISTED_FLUTED, FISHTAIL",950,943,7,251,96
"Map2g1","Map2g1_Barnes","Z","BARNES",195,192,3,77,18
"Map2g2","Map2g2_Crowfield","AC","CROWFIELD",164,160,4,81,30
"Map2g3","Map2g3_Pelican","V","PELICAN",146,146,0,28,26
"Map2g4","Map2g4_Vail_Debert","Y","Vail_DEBERT",120,120,0,25,82
"Map2g5","Map2g5_West_Athens_Hill_Bull_Brook","W, X","WEST_ATHENS_HILL, BULL_BROOK",116,116,0,9,96
"Map2g6","Map2g6_Wheeler","U","WHEELER",72,72,0,29,20
"Map2g7","Map2g7_Northumberland","AA","NORTHUMBERLAND",54,54,0,22,8
"Map2g8","Map2g8_Waisted_Fluted","N","WAISTED_FLUTED",45,45,0,11,34
"Map2g9","Map2g9_Fish_Tail","O","FISHTAIL",38,38,0,22,8
"Map3","Map3_Unfluted_Lanceolate_Forms","AE, AF, AG, AH, AI, AJ, AK, AL, AM, AN, AO, AP, AQ, AR, AS, AT, AU, AV, AW, AX, AY, AZ, BA, BB, BC, BD, ED, EE, EF","SUWANNEE, SIMPSON, BEAVER_LAKE, QUAD, COLDWATER, HINDS, ARKABUTLA, GOSHEN, AGATE_BASIN, HELL_GAP, WILSON, ANGOSTURA, SCOTTSBLUFF, MILNESAND, ALBERTA, BROWNS_VALLEY, JIMMY_ALLEN_FREDERICK, EDEN, CODY, CODY_KNIFE, PLAINVIEW, PACKARD, PRYOR_STEMMED, LOVELL_CONSTRICTED, UNFLUTED_LANCEOLATE, STE_ANNE_VARNEY, MESA, SLUICEWAY, CHINDADN",9601,9574,27,881,227
"Map3a","Map3a_Unfluted_Lanceolate","BC","UNFLUTED_LANCEOLATE",1129,1129,0,262,96
"Map3b","Map3b_Agate_Basin","AM","AGATE_BASIN",1088,1082,6,236,128
"Map3c","Map3c_Plainview","AY","PLAINVIEW",812,812,0,151,100
"Map3d","Map3d_Cody_And_Cody_Knife","AW, AX","CODY, CODY_KNIFE",763,763,0,175,60
"Map3d1","Map3d1_Cody","AW","CODY",643,643,0,161,45
"Map3d2","Map3d2_Cody_Knife","AX","CODY_KNIFE",120,120,0,28,30
"Map3e","Map3e_Angostura","AP","ANGOSTURA",427,427,0,91,73
"Map3f","Map3f_Jimmy_Allen_Frederick","AU","JIMMY_ALLEN_FREDERICK",421,421,0,44,96
"Map3g","Map3g_Scottsbluff","AQ","SCOTTSBLUFF",363,363,0,110,36
"Map3h","Map3h_Hell_Gap","AN","HELL_GAP",316,316,0,91,59
"Map3i","Map3i_Minor_Western_Lanceolate","AL, AO, AR, AS, AV, BA, ED, EE, EF","EDEN, MILNESAND, ALBERTA, GOSHEN, PRYOR_STEMMED, WILSON, MESA, SLUICEWAY, CHINDADN",1250,1250,0,151,154
"Map3i1","Map3i1_Eden","AV","EDEN",255,255,0,37,70
"Map3i2","Map3i2_Milnesand","AR","MILNESAND",143,143,0,23,109
"Map3i3","Map3i3_Alberta","AS","ALBERTA",128,128,0,41,39
"Map3i4","Map3i4_Goshen","AL","GOSHEN",117,117,0,32,22
"Map3i5","Map3i5_Pryor_Stemmed","BA","PRYOR_STEMMED",85,85,0,11,37
"Map3i6","Map3i6_Wilson","AO","WILSON",74,74,0,24,23
"Map3i7","Map3i7_Mesa","ED","MESA",157,157,0,3,154
"Map3i8","Map3i8_Sluiceway","EE","SLUICEWAY",213,213,0,5,117
"Map3i9","Map3i9_Chindadn","EF","CHINDADN",78,78,0,11,24
"Map3j","Map3j_Suwannee","AE","SUWANNEE",723,723,0,90,128
"Map3k","Map3k_Simpson","AF","SIMPSON",492,492,0,96,74
"Map3l","Map3l_Beaver_Lake","AG","BEAVER_LAKE",731,715,16,119,129
"Map3m","Map3m_Quad","AH","QUAD",702,702,0,115,82
"Map3n","Map3n_Ste_Anne_Varney","BD","STE_ANNE_VARNEY",136,131,5,24,35
"Map3o","Map3o_Minor_Eastern_Lanceolate","AI, AJ, AK","COLDWATER, HINDS, ARKABUTLA",203,203,0,29,32
"Map3o1","Map3o1_Coldwater","AI","COLDWATER",124,124,0,19,30
"Map3o2","Map3o2_Hinds","AJ","HINDS",70,70,0,16,17
"Map3o3","Map3o3_Arkabutla","AK","ARKABUTLA",9,9,0,7,2
"Map4","Map4_Western_Stemmed","DD, DE, DF, DG, DH, DI, DJ, DK, DL, DM, DN, DO, DP, DQ, DR, DS, DT","TAAN, XIL, XILJU, CI_AMOL, CI_BARBED, COOPERS_FERRY, HASKETT, COUGAR_MTN, WINDUST, CASCADE, PARMAN, LIND_COULEE, LAKE_MOHAVE, BONNEVILLE, SILVER_LAKE_, STUBBY, GBSS_GENERALIZED_WST",4832,4832,0,71,999
"Map4a","Map4a_Coastal_Western_Stemmed","DD, DE, DF, DG, DH","TAAN, XIL, XILJU, CI_AMOL, CI_BARBED",122,122,0,3,86
"Map4a1","Map4a1_Taan","DD","TAAN",3,3,0,1,3
"Map4a2","Map4a2_Xil","DE","XIL",15,15,0,1,15
"Map4a3","Map4a3_Xilju","DF","XILJU",4,4,0,1,4
"Map4a4","Map4a4_CI_Amol","DG","CI_AMOL",3,3,0,2,2
"Map4a5","Map4a5_CI_Barbed","DH","CI_BARBED",97,97,0,2,84
"Map4b","Map4b_Generalized_Western_Stemmed","DT","GBSS_GENERALIZED_WST",1482,1482,0,42,569
"Map4c","Map4c_Lake_Mohave","DP","LAKE_MOHAVE",650,650,0,8,246
"Map4d","Map4d_Silver_Lake","DR","SILVER_LAKE_",511,511,0,13,210
"Map4e","Map4e_Windust","DL","WINDUST",529,529,0,26,284
"Map4f","Map4f_Bonneville","DQ","BONNEVILLE",389,389,0,3,382
"Map4g","Map4g_Parman","DN","PARMAN",380,360,20,13,125
"Map4h","Map4h_Cascade","DM","CASCADE",269,289,-20,15,97
"Map4i","Map4i_Haskett","DJ","HASKETT",194,194,0,17,55
"Map4j","Map4j_Cougar_Mountain","DK","COUGAR_MTN",181,181,0,10,127
"Map4k","Map4k_Stubby","DS","STUBBY",115,115,0,8,100
"Map5","Map5_Dalton_And_Related","BF, BG, BH, BI, BJ, BK, BL, BM, BN, BO, BP, BQ, BR, BS, BT, BU","HI_LO, GOLONDRINA, HARPETH_RIVER, MESERVE, DALTON, BASALLY_THINNED_DALTON, LANCEOLATE_DALTON, SIDE_NOTCHED_DALTON, GREENBRIER_DALTON, NUCKOLLS_DALTON, HARDAWAY_DALTON, HARDAWAY_BLADE, SAN_PATRICE_var._Hope, SAN_PATRICE_var._St._Johns, SAN_PATRICE_var._Brazos, SAN_PATRICE_var._Kisatchie",9613,9612,1,737,493
"Map5a","Map5a_Hi_Lo","BF","HI_LO",524,524,0,84,82
"Map5b","Map5b_Golondrina","BG","GOLONDRINA",154,154,0,32,36
"Map5c","Map5c_Meserve","BI","MESERVE",81,81,0,43,14
"Map5d","Map5d_Dalton_Variants","BH, BJ, BK, BL, BM, BN, BO","HARPETH_RIVER, DALTON, BASALLY_THINNED_DALTON, LANCEOLATE_DALTON, SIDE_NOTCHED_DALTON, GREENBRIER_DALTON, NUCKOLLS_DALTON",7766,7765,1,577,493
"Map5d1","Map5d1_Harpeth_River","BH","HARPETH_RIVER",117,117,0,14,29
"Map5d2","Map5d2_Greenbrier_Dalton","BN","GREENBRIER_DALTON",1489,1489,0,102,272
"Map5d3","Map5d3_Dalton","BJ","DALTON",4949,4948,1,497,248
"Map5d4","Map5d4_Basally_Thinned_Dalton","BK","BASALLY_THINNED_DALTON",598,598,0,107,80
"Map5d5","Map5d5_Lanceolate_Dalton","BL","LANCEOLATE_DALTON",343,343,0,60,40
"Map5d6","Map5d6_Side_Notched_Dalton","BM","SIDE_NOTCHED_DALTON",263,263,0,41,28
"Map5d7","Map5d7_Nuckolls_Dalton","BO","NUCKOLLS_DALTON",7,7,0,3,4
"Map5e","Map5e_Hardaway_Dalton_And_Blade","BP, BQ","HARDAWAY_DALTON, HARDAWAY_BLADE",392,392,0,87,71
"Map5e1","Map5e1_Hardaway_Dalton","BP","HARDAWAY_DALTON",338,338,0,84,48
"Map5e2","Map5e2_Hardaway_Blade","BQ","HARDAWAY_BLADE",54,54,0,11,23
"Map5f","Map5f_Hardaway_Dalton_Blade_Side_Notched","BP, BQ, BW","HARDAWAY_DALTON, HARDAWAY_BLADE, HARDAWAY_SIDE_NOTCHED",578,578,0,96,155
"Map5f1","Map5f1_Hardaway_Side_Notched","BW","HARDAWAY_SIDE_NOTCHED",186,186,0,16,84
"Map5g","Map5g_San_Patrice_Dalton_Like","BR, BS, BT, BU","SAN_PATRICE_var._Hope, SAN_PATRICE_var._St._Johns, SAN_PATRICE_var._Brazos, SAN_PATRICE_var._Kisatchie",696,696,0,46,148
"Map5g1","Map5g1_San_Patrice_var_Hope","BR","SAN_PATRICE_var._Hope",212,212,0,16,59
"Map5g2","Map5g2_San_Patrice_var_St_Johns","BS","SAN_PATRICE_var._St._Johns",392,392,0,40,72
"Map5g3","Map5g3_San_Patrice_var_Brazos","BT","SAN_PATRICE_var._Brazos",19,19,0,5,9
"Map5g4","Map5g4_San_Patrice_var_Kisatchie","BU","SAN_PATRICE_var._Kisatchie",73,73,0,8,25
"Map6","Map6_Early_Holocene_Notched_Bifurcate_Stemmed","BV, BW, BX, BY, BZ, CA, CB, CC, CD, CE, CF, CG, CH, CI, CJ, CK, CL, CM, CN, CO, CP, CQ, CR, CS, CT, CU, CV, CW, CX, CY, CZ, DA, DB, DC","SAN_PATRICE_var._Dixon, HARDAWAY_SIDE_NOTCHED, BOLEN_SIDE_NOTCHED, UNTYPED_AND_TAYLOR_SIDE_NOTCHED, SANTA_FE, CACHE_RIVER, BIG_SANDY, BRECKENRiDGE, UNION, CHIPOLA, SAN_PATRICE_no_var., GILCREST, FAIRLAND, SAN_PATRICE_var._Keithville, SAN_PATRICE_var._Leaf_River, SAN_PATRICE_var._GENEILL, PALMER_CORNER_NOTCHED, STILLWELL, DECATUR, LOST_LAKE, PINE_TREE, THEBES, UNTYPED_AND_KIRK_CORNER_NOTCHED, DOVETAIL_ST._CHARLES, RICE_LOBED, HARDIN, JUDE_CAVE_SPRING, KANAWHA, MACCORKLE, LECROY, ST._ALBANS, BIFURCATE, KIRK_SERRATED, KIRK_STEMMED",29832,29831,1,876,802
"Map6a","Map6a_Side_Notched","BV, BW, BX, BY, BZ, CA, CB, CC, CD, CE","SAN_PATRICE_var._Dixon, HARDAWAY_SIDE_NOTCHED, BOLEN_SIDE_NOTCHED, UNTYPED_AND_TAYLOR_SIDE_NOTCHED, SANTA_FE, CACHE_RIVER, BIG_SANDY, BRECKENRiDGE, UNION, CHIPOLA",5439,5439,0,345,603
"Map6b","Map6b_Corner_Notched","CG, CH, CI, CJ, CK, CL, CM, CN, CO, CP, CQ, CR, CS, CT, CU, CV","GILCREST, FAIRLAND, SAN_PATRICE_var._Keithville, SAN_PATRICE_var._Leaf_River, SAN_PATRICE_var._GENEILL, PALMER_CORNER_NOTCHED, STILLWELL, DECATUR, LOST_LAKE, PINE_TREE, THEBES, UNTYPED_AND_KIRK_CORNER_NOTCHED, DOVETAIL_ST._CHARLES, RICE_LOBED, HARDIN, JUDE_CAVE_SPRING",18310,18309,1,677,707
"Map6c","Map6c_Bifurcate","CW, CX, CY, CZ, DA","KANAWHA, MACCORKLE, LECROY, ST._ALBANS, BIFURCATE",4798,4798,0,302,168
"Map6d","Map6d_Kirk_Serrated","DB","KIRK_SERRATED",265,265,0,59,43
"Map6e","Map6e_Kirk_Stemmed","DC","KIRK_STEMMED",503,503,0,121,34
"Map6f","Map6f_San_Patrice_No_Variety","CF","SAN_PATRICE_no_var.",517,517,0,102,53
"Map7","Map7_Unusual_Tool_Forms","DU, DV, DW, DX, DY, DZ, EA, EB, EC","CRESCENT, EDGEFIELD_SCRAPER, END_SCRAPER, CFG_ADZE, LIMACES, PRISMATIC_BLADES_CORES, PIECES_ESQUILLEES, GROUNDSTONE_GROOVED_ABRADERS, BONE_IVORY_POINTS_RODS",24513,24513,0,342,2633
"Map7a","Map7a_Crescents","DU","CRESCENT",2804,2804,0,39,1500
"Map7b","Map7b_Hafted_Knives","DV","EDGEFIELD_SCRAPER",220,220,0,20,117
"Map7c","Map7c_End_Scrapers","DW","END_SCRAPER",12750,12750,0,201,1802
"Map7d","Map7d_Adzes","DX","CFG_ADZE",870,870,0,69,263
"Map7e","Map7e_Limaces","DY","LIMACES",155,155,0,6,108
"Map7f","Map7f_Prismatic_Blades_Cores","DZ","PRISMATIC_BLADES_CORES",4609,4609,0,65,1659
"Map7g","Map7g_Pieces_Esquillees","EA","PIECES_ESQUILLEES",2499,2499,0,27,1046
"Map7h","Map7h_Groundstone_Abraders","EB","GROUNDSTONE_GROOVED_ABRADERS",311,311,0,41,42
"Map7i","Map7i_Bone_Ivory_Tools","EC","BONE_IVORY_POINTS_RODS",295,295,0,40,99
